point_index,markov_p1,ml_mc_p1,ml_informed_markov_p1,ml_informed_markov_unsmoothed_p1,hybrid_p1,set1,set2,gm1,gm2
1,0.588900665458874,0.5266666666666666,0.6592029485735049,0.521305944581106,0.5299858132689177,0,0,0.0,0.0
2,0.5964888512803499,0.54,0.7110376485136012,0.5255514961973097,0.5445191081024281,0,0,0.0,0.0
3,0.5856146593668896,0.5166666666666666,0.5986688132493828,0.5305609511691367,0.5189649330900074,0,0,0.0,0.0
4,0.5639827307592741,0.4866666666666667,0.47756540394001534,0.5126093916335762,0.4887284283758029,0,0,0.0,0.0
5,0.5818663338981741,0.45999999999999996,0.568261462679292,0.5137895416032501,0.4697493067118539,0,0,0.0,0.0
6,0.5489658029120857,0.38,0.44944856879219097,0.4617681490475224,0.4205517926989006,0,0,0.0,0.0
7,0.5818663338981741,0.5033333333333334,0.531492894644966,0.518855233021088,0.5038568866704324,0,0,0.0,0.0
8,0.5976641043584163,0.4933333333333333,0.5950480216097813,0.5368009908041003,0.4947244102803344,0,0,0.0,0.0
9,0.5818663338981741,0.45666666666666667,0.4988361242672523,0.518855233021088,0.46751730449339735,0,0,0.0,0.0
10,0.5976641043584163,0.5133333333333333,0.562159834347989,0.5368009908041003,0.5155821538940022,0,0,0.0,0.0
11,0.605249682585711,0.5133333333333333,0.6124465916804003,0.5298738420919755,0.5157844359800634,0,0,1.0,0.0
12,0.5973124519523518,0.4833333333333333,0.6947231483160444,0.5255843821912674,0.48713263728730055,0,0,1.0,0.0
13,0.5916924258887465,0.5066666666666666,0.7242358663594395,0.5458824868150113,0.5078003434562943,0,0,1.0,0.0
14,0.5886409094454291,0.52,0.825229763605888,0.5327411117317438,0.5227456363778171,0,0,1.0,0.0
15,0.5904589118365657,0.51,0.7838295364367676,0.5338868394505744,0.5116091782367314,0,0,1.0,0.0
16,0.5958178012441651,0.5233333333333333,0.7189776472010345,0.5690576947632563,0.5267159418358388,0,0,1.0,0.0
17,0.7023027773217021,0.6233333333333333,0.8648038711251682,0.672869372772809,0.6428124628504643,0,0,2.0,0.0
18,0.7090756209430653,0.6699999999999999,0.8742767860681961,0.6338783592590613,0.6832857111206422,0,0,2.0,0.0
19,0.6993698489612934,0.62,0.8211894556307946,0.6213163547003706,0.6390487637507104,0,0,2.0,0.0
20,0.6800622472321387,0.6466666666666667,0.7507677914377341,0.6056591584931454,0.6564627036325386,0,0,2.0,0.0
21,0.6960242769314501,0.6333333333333333,0.825851977237132,0.6654892905526154,0.6500509182928311,0,0,2.0,0.0
22,0.7101245943736767,0.6833333333333333,0.8596346885281475,0.686920188039037,0.6931567957147926,0,0,2.0,0.0
23,0.7168951105839785,0.6333333333333333,0.8828376712419013,0.6811098003285405,0.6556164739335053,0,0,3.0,0.0
24,0.7141790642607415,0.6166666666666667,0.9135476630053547,0.6804010698953131,0.6394195594386175,0,0,3.0,0.0
25,0.7179246877671093,0.6133333333333333,0.8922806674565646,0.6816345790956648,0.6370407070049892,0,0,3.0,0.0
26,0.7142897121920109,0.6133333333333333,0.9189805477230957,0.6805392844432261,0.6362167792079668,0,0,3.0,0.0
27,0.7118338467292762,0.6133333333333333,0.9293743005071227,0.6539545262833607,0.6356601163697471,0,0,3.0,0.0
28,0.7136676087231599,0.6733333333333333,0.9233646154645578,0.6900671993627665,0.6873158821351398,0,0,3.0,0.0
29,0.7190729523976191,0.6733333333333333,0.8971803281105529,0.6666318710682264,0.6891897346089524,0,0,3.0,0.0
30,0.7136676087231599,0.6466666666666667,0.9219534743907605,0.6607684232183555,0.6663202763365714,0,0,3.0,0.0
31,0.7501057747681046,0.6766666666666667,0.9546806151553499,0.7036062169527604,0.7026151515291748,0,0,4.0,0.0
32,0.7517438683604605,0.6933333333333334,0.9625235238074653,0.7040580078557412,0.7159187402104892,0,0,4.0,0.0
33,0.7528710415222464,0.71,0.9687911716040817,0.7043309630535236,0.7280058374393434,0,0,4.0,0.0
34,0.7516386858742995,0.7333333333333334,0.9568963522258562,0.7039713534701405,0.7418758311857843,0,0,4.0,0.0
35,0.7531038895189494,0.6866666666666666,0.9641340899039608,0.7130176466301464,0.7114698965315189,0,0,4.0,0.0
36,0.7536351058660585,0.6933333333333334,0.9695312311427879,0.7044809429876724,0.7166500187126538,0,0,5.0,0.0
37,0.7539223934116839,0.6933333333333334,0.9601244542540264,0.7045208763520421,0.7167611032302956,0,0,5.0,0.0
38,0.754373034965363,0.7033333333333334,0.9438749331256102,0.7097295662620897,0.7240894786636921,0,0,5.0,0.0
39,0.75407550643624,0.6666666666666667,0.9589401011996598,0.7083298760956988,0.6958029465898579,0,0,5.0,0.0
40,0.7537533796084347,0.69,0.9712455382099274,0.7045336909987419,0.714226284251205,0,0,5.0,0.0
41,0.7543251253493712,0.69,0.9626704788984243,0.6909866847367538,0.7144435476327611,0,0,5.0,0.0
42,0.7533091085280684,0.6866666666666666,0.9529483869332165,0.7044539259767074,0.7115465116282567,0,0,5.0,1.0
43,0.7542975324468034,0.72,0.959608195172567,0.7046491230908359,0.7350909142765935,0,0,5.0,1.0
44,0.7549776675250826,0.6766666666666667,0.9653710030694516,0.7048464958201377,0.7043365536366404,0,0,5.0,1.0
45,0.7553347211830603,0.6766666666666667,0.970221131433207,0.7104835395549756,0.7044627125957925,0,0,5.0,1.0
46,0.7554387031315952,0.72,0.9740402261007671,0.7048628328955668,0.7355930293779018,1,0,0.0,0.0
47,0.7697459055247899,0.69,0.9704111611022141,0.7174011278906277,0.72030344409942,1,0,0.0,0.0
48,0.7582232776091272,0.7,0.9753309598061377,0.7082219369878596,0.7232893110436509,1,0,0.0,0.0
49,0.7773710847736504,0.7233333333333334,0.9729379119430859,0.7278019045832407,0.7474701956433416,1,0,0.0,0.0
50,0.8086162220382529,0.7566666666666666,0.9726590227442118,0.7599980914510676,0.7833341050907476,1,0,0.0,0.0
51,0.7392037149976188,0.7166666666666667,0.9479991677604358,0.6697077822253023,0.7264327209434126,1,0,0.0,1.0
52,0.7245636263223489,0.6666666666666667,0.9246338570957279,0.6552275298312722,0.6859656532185608,1,0,0.0,1.0
53,0.7004138692548043,0.6733333333333333,0.8923974233843625,0.657006899429498,0.6827212524527766,1,0,0.0,1.0
54,0.7161197352128046,0.6766666666666667,0.9079481999514871,0.6519648355373914,0.6906067508863021,1,0,0.0,1.0
55,0.7326871088059554,0.7033333333333334,0.9234558103720222,0.6690199917729374,0.7152705353588664,1,0,0.0,1.0
56,0.7473221665804355,0.6566666666666667,0.9371049316032354,0.7051640822693694,0.6850720566396477,1,0,0.0,1.0
57,0.7326871088059554,0.6699999999999999,0.9113908034496458,0.6747487488744168,0.6913136169940248,1,0,0.0,1.0
58,0.7022080501942194,0.6466666666666667,0.8846652053866039,0.6400034310943217,0.6629588058347489,1,0,0.0,1.0
59,0.7326871088059554,0.6533333333333333,0.9121750640086254,0.692621526691817,0.6776684911449374,1,0,0.0,1.0
60,0.7022080501942194,0.6533333333333333,0.8755898554949002,0.639859623735487,0.6683215798373384,1,0,0.0,1.0
61,0.6387321809374858,0.4966666666666667,0.7952622351669214,0.6211801351342625,0.4976137700951388,1,0,0.0,2.0
62,0.6307190764019783,0.5700000000000001,0.8209249837469479,0.6085607027412419,0.578500670696277,1,0,0.0,2.0
63,0.6417697247102918,0.4966666666666667,0.823920532458443,0.5564857429076993,0.4976340203869575,1,0,0.0,2.0
64,0.6626570462327667,0.5533333333333333,0.8170533321994994,0.5769010064650788,0.5649945293759395,1,0,0.0,2.0
65,0.6451574300082397,0.5133333333333333,0.8236251843892485,0.6215344724139544,0.5168486425779975,1,0,0.0,2.0
66,0.6762176528172603,0.62,0.8295934460582726,0.581089087523778,0.6334922366761425,1,0,0.0,2.0
67,0.6451574300082397,0.5266666666666666,0.8353412827355956,0.5667395086940892,0.5329861740448838,1,0,0.0,2.0
68,0.6292101379671503,0.51,0.8493619542641073,0.6163438631698465,0.512384202759343,1,0,0.0,2.0
69,0.7367130296160481,0.63,0.9174645358619986,0.6956697607551665,0.6577453877001725,1,0,1.0,2.0
70,0.7207722069096733,0.6733333333333333,0.88742518598215,0.6479065351893016,0.6897788095064645,1,0,1.0,2.0
71,0.694476806358853,0.6133333333333333,0.8505922764494218,0.6313778260701095,0.6317258538857844,1,0,1.0,2.0
72,0.7115780979042714,0.6333333333333333,0.8810302769683214,0.6712537947676054,0.6541986038855834,1,0,1.0,2.0
73,0.7296174398110461,0.6933333333333334,0.8919675291343215,0.6633099550721622,0.707363187838049,1,0,1.0,2.0
74,0.6964303956364019,0.6699999999999999,0.8649981604245286,0.6370112091980302,0.6789863345163766,1,0,1.0,2.0
75,0.7296174398110461,0.6666666666666667,0.8965253144406333,0.6913563746172865,0.6876502577147933,1,0,1.0,2.0
76,0.7455527846341018,0.7033333333333334,0.9154271488917789,0.7090031927588194,0.7205025768623126,1,0,1.0,2.0
77,0.7532044216191064,0.6566666666666667,0.9140700099696284,0.7109622111390905,0.6869151632184312,1,0,2.0,2.0
78,0.7444307030134691,0.6366666666666667,0.933356088529774,0.699736882174267,0.6661221699347928,1,0,2.0,2.0
79,0.7565302929086686,0.6866666666666666,0.9285948150924288,0.7084627018792675,0.7127490871303475,1,0,2.0,2.0
80,0.7794002655455672,0.7433333333333334,0.928178909851786,0.7302851708872061,0.7608859070099538,1,0,2.0,2.0
81,0.8167191829619466,0.7933333333333333,0.9327339081695845,0.7669018707482254,0.8070530317821197,1,0,2.0,2.0
82,0.7942480621476071,0.7033333333333334,0.9336269907515389,0.7383705460385686,0.740305323051138,1,0,2.0,2.0
83,0.760239563500524,0.7,0.9312485184388746,0.7170920261871945,0.7240958254002096,1,0,2.0,2.0
84,0.7942480621476071,0.72,0.9344040217019824,0.7383705460385686,0.7526691473449472,1,0,2.0,2.0
85,0.760239563500524,0.69,0.9324043414472475,0.7169860953432594,0.7166910341301991,1,0,2.0,2.0
86,0.7942480621476071,0.7333333333333334,0.9350237717580807,0.7383705460385686,0.7617602067799945,1,0,2.0,2.0
87,0.7338134944390822,0.6599999999999999,0.8937286338148255,0.6948827729861533,0.6836203182205062,1,0,2.0,3.0
88,0.7162277803445024,0.6866666666666666,0.8640578314366567,0.6382915264886417,0.6977028157730587,1,0,2.0,3.0
89,0.6872190268687952,0.6733333333333333,0.8246467837457196,0.61939251904233,0.6781470404256268,1,0,2.0,3.0
90,0.7060849555166007,0.6466666666666667,0.8532853237133815,0.6690122708287879,0.6640960313959807,1,0,2.0,3.0
91,0.7259857294647387,0.69,0.8704424483940709,0.6557675368223284,0.7036745771966006,1,0,2.0,3.0
92,0.7435654004276893,0.6566666666666667,0.8990043815122811,0.7084003368388463,0.6838949365784538,1,0,2.0,3.0
93,0.7520065896217698,0.6133333333333333,0.9058218388618944,0.7103918749696098,0.6447659380920455,1,0,3.0,3.0
94,0.7710746941668283,0.6933333333333334,0.9112456524613228,0.719440666501442,0.7233933261889514,1,0,3.0,3.0
95,0.8009850762517715,0.7433333333333334,0.9136821862208977,0.7537852184991336,0.7713905148869733,1,0,3.0,3.0
96,0.839447527599517,0.76,0.9254163311717577,0.7932508520864283,0.8013127143517489,1,0,3.0,3.0
97,0.7303692043022125,0.6533333333333333,0.8382200836347771,0.6451890255175564,0.6769576670971229,1,0,3.0,4.0
98,0.7398377428248651,0.6599999999999999,0.8625672601433196,0.6992902950815811,0.6855480777039568,1,0,3.0,4.0
99,0.726268925790375,0.6466666666666667,0.8246647776821718,0.6447570927256631,0.6700166626762878,1,0,3.0,4.0
100,0.7392297650958937,0.6966666666666667,0.8482146843843724,0.6698998534031627,0.7134081520488292,1,0,3.0,4.0
101,0.7476989619828347,0.7233333333333334,0.8681430578605783,0.7075073427082841,0.734216647463444,1,0,3.0,4.0
102,0.750769508421657,0.73,0.8794472110761076,0.7042479512057107,0.7395539738739623,1,0,4.0,4.0
103,0.7396461180493519,0.71,0.8832317279495617,0.6819856581305174,0.7224513695807278,1,0,4.0,4.0
104,0.7549860745488259,0.6766666666666667,0.8838967630448271,0.7083128745407046,0.704339524118363,1,0,4.0,4.0
105,0.7839808081251578,0.7,0.8919416293342433,0.7327697698280644,0.7335923232500631,1,0,4.0,4.0
106,0.8312940290469555,0.7933333333333333,0.9133983339882298,0.7635842169444124,0.8156036081519917,1,0,4.0,4.0
107,0.7261855364025677,0.6466666666666667,0.8277502519684214,0.6931796010118891,0.6699922017891977,1,0,4.0,5.0
108,0.7036218869053246,0.6166666666666667,0.7883710691942822,0.6773623764895087,0.6369562180556869,1,0,4.0,5.0
109,0.7214938103741501,0.6699999999999999,0.8146952902171418,0.6890647940605518,0.6875078955272109,1,0,4.0,5.0
110,0.736324194930781,0.6966666666666667,0.8367039347886239,0.6976946541488802,0.7122652944505516,1,0,4.0,5.0
111,0.7161419894486045,0.6766666666666667,0.8010108705148895,0.6836444512012332,0.6906146140496181,1,0,4.0,5.0
112,0.738697885203053,0.6966666666666667,0.8317313950498358,0.7070599585856805,0.7131989459576453,1,0,4.0,5.0
113,0.7161419894486045,0.6566666666666667,0.7926105338222902,0.6872433353070585,0.6753022678050072,1,0,4.0,5.0
114,0.738697885203053,0.65,0.8237283600822579,0.6804203568848595,0.6766093655609159,1,0,4.0,5.0
115,0.7495284965328398,0.6666666666666667,0.8454654802137693,0.7093822332134458,0.6942872766220578,1,0,5.0,5.0
116,0.7383211992109119,0.6366666666666667,0.8490559252750683,0.681553472429395,0.664452238895427,1,0,5.0,5.0
117,0.7537768694374185,0.6699999999999999,0.8491085606058872,0.7080691995030137,0.6984841356087222,1,0,5.0,5.0
118,0.782990318672204,0.72,0.8615368529877926,0.7325301204361507,0.7477157402157697,1,0,5.0,5.0
119,0.8306604368988257,0.7866666666666666,0.8862618361885841,0.7755543079903208,0.8118897615997711,1,0,5.0,5.0
120,0.7247590805049822,0.6733333333333333,0.7899727827675261,0.692877696850241,0.6911609256861716,1,0,5.0,6.0
121,0.7354936100194391,0.6799999999999999,0.8063502739942224,0.6502312026396475,0.699977699606998,1,0,5.0,6.0
122,0.7201105742336593,0.6433333333333333,0.7693027684420722,0.6217279557879888,0.6653428090580934,1,0,5.0,6.0
123,0.7348043426250928,0.6666666666666667,0.79991637867338,0.697398438823007,0.6893792253194755,1,0,5.0,6.0
124,0.7148080537998766,0.7066666666666667,0.762852752317877,0.683357678913786,0.7100317733483934,1,0,5.0,6.0
125,0.7371561666766253,0.6466666666666667,0.79522653048932,0.7066004802919255,0.6732102533362546,1,0,5.0,6.0
126,0.7478870073914985,0.6799999999999999,0.8166235061434399,0.7086200448754718,0.7044393226609393,1,0,6.0,6.0
127,0.8003570422687503,0.7866666666666666,0.8682497088387044,0.7712633969800098,0.7945158153451946,1,0,6.0,6.0
128,0.8258062651396929,0.79,0.8934397580536085,0.7953502498458218,0.8107676337810219,1,0,6.0,6.0
129,0.8498253455750969,0.81,0.9128806993318052,0.8186037234624077,0.8346917142565602,1,0,6.0,6.0
130,0.8322472888469145,0.78,0.8959129149224535,0.803183190003186,0.8092584817542721,1,0,6.0,6.0
131,0.8101818818673021,0.8333333333333334,0.8713320782053529,0.7845415628560337,0.8178990323559792,1,0,6.0,6.0
132,0.7461989237070461,0.6599999999999999,0.8061903845621586,0.7033155254399617,0.6875836555862547,1,0,6.0,6.0
133,0.7821189221988385,0.72,0.8507526622857267,0.7637370394188012,0.7473323257674889,1,0,6.0,6.0
134,0.7455836587791206,0.71,0.8029284239946685,0.7031137672366711,0.7249451366872306,1,0,6.0,6.0
135,0.7015986797316307,0.64,0.7527894784638332,0.6404441845836336,0.6572476303248567,1,0,6.0,6.0
136,0.7450308155775349,0.7366666666666667,0.7998720464029878,0.7029914662976948,0.7406256971511443,1,0,6.0,6.0
137,0.8001389765990047,0.72,0.8541088176703409,0.7550407969749109,0.755261149703562,1,0,6.0,6.0
138,0.7450308155775349,0.6933333333333334,0.8018534564523077,0.7076467817477354,0.7133230264677579,1,0,6.0,6.0
139,0.6886842127472861,0.6466666666666667,0.7384035355568932,0.6604516904681247,0.6589918135169818,1,0,6.0,6.0
140,0.5713364416144608,0.5333333333333333,0.6072160628960931,0.5180173848560389,0.5358668738854084,1,1,0.0,0.0
141,0.5500719562640688,0.4733333333333334,0.5645078193109067,0.5005240675303195,0.47742605988963926,1,1,0.0,0.0
142,0.5669148546095957,0.53,0.5925418015870959,0.5134724643970702,0.5322148912765757,1,1,0.0,0.0
143,0.5808913390069311,0.5133333333333333,0.6170857950355544,0.5230437044846514,0.5151348801512959,1,1,0.0,0.0
144,0.5618711794858933,0.5133333333333333,0.5775613714108567,0.50755983321888,0.5146276758974015,1,1,0.0,0.0
145,0.5176008536894512,0.4633333333333334,0.5187177708352824,0.47044936898336487,0.467312951492782,1,1,0.0,0.0
146,0.5618711794858933,0.4066666666666666,0.568731464615545,0.5116622070462966,0.4356381757262556,1,1,0.0,0.0
147,0.5176008536894512,0.43000000000000005,0.5088990691750418,0.47044936898336487,0.44226411951652317,1,1,0.0,0.0
148,0.42540320913602236,0.3466666666666667,0.39877834866548023,0.3250323506641989,0.37081253969060246,1,1,0.0,1.0
149,0.41359974845296976,0.3733333333333333,0.4106774314640489,0.31824264785658807,0.38353415849697453,1,1,0.0,1.0
150,0.4298775708938771,0.3433333333333334,0.4130874785737342,0.3293219432119745,0.37045052776897036,1,1,0.0,1.0
151,0.4606450065703165,0.37,0.45669463143121525,0.4834379559639227,0.39356770170828226,1,1,0.0,1.0
152,0.5108508992205893,0.3766666666666667,0.4772925768721623,0.4856667606655106,0.4097654440299676,1,1,0.0,1.0
153,0.48062004694937976,0.3466666666666667,0.45490585564761166,0.3699860498253721,0.38774570328669866,1,1,0.0,1.0
154,0.3993162035155897,0.2833333333333333,0.36550459367994637,0.3123337088437954,0.3335925770789777,1,1,0.0,2.0
155,0.40468912132673396,0.32333333333333336,0.3809483364066707,0.3137785635029311,0.3520790450910016,1,1,0.0,2.0
156,0.3969895023679737,0.2733333333333333,0.35571238575085506,0.31098929255553576,0.329390796629037,1,1,0.0,2.0
157,0.3816727221467624,0.2766666666666666,0.3391129878624498,0.37816757578833815,0.3235693714477761,1,1,0.0,2.0
158,0.3943354497199971,0.31000000000000005,0.3461004710340073,0.3098692491577183,0.34204747089359894,1,1,0.0,2.0
159,0.40552127519648684,0.29666666666666663,0.39513466149729215,0.4391511729405968,0.34093420746879355,1,1,0.0,2.0
160,0.4108923466652312,0.2833333333333333,0.38220309103176986,0.3148395180014626,0.33860890577715574,1,1,1.0,2.0
161,0.43592425739775376,0.33999999999999997,0.3938019796430835,0.33376501014405735,0.3706957623672812,1,1,1.0,2.0
162,0.41576424389810973,0.3466666666666667,0.3962320071054306,0.3197066051187044,0.36785659035097584,1,1,1.0,2.0
163,0.398563758362823,0.30000000000000004,0.4291371696303825,0.4263171411220774,0.3394255033451292,1,1,1.0,2.0
164,0.3869427508771719,0.27,0.43727154101244836,0.4140053784994694,0.3237936654034991,1,1,1.0,2.0
165,0.3956200022092119,0.2666666666666667,0.43575301564716673,0.4307337861066205,0.32684488991985444,1,1,1.0,2.0
166,0.42119776298502465,0.30000000000000004,0.4510500297919986,0.45932939593898403,0.3484791051940099,1,1,1.0,2.0
167,0.4710150577712249,0.3733333333333333,0.45220603041635665,0.36312932472886517,0.3980793701909325,1,1,1.0,2.0
168,0.3824875780357917,0.27,0.35626095405978697,0.30191903273873855,0.3217442858964642,1,1,1.0,3.0
169,0.37241232544225544,0.2833333333333333,0.3455143661453647,0.3662382456144404,0.3219342299138662,1,1,1.0,3.0
170,0.3803926011198564,0.33999999999999997,0.3676272816524968,0.3847384000967037,0.35292563235835406,1,1,1.0,3.0
171,0.38701475107328454,0.32333333333333336,0.38883124698171134,0.4062858964348697,0.3458341009347828,1,1,1.0,3.0
172,0.39134196248671116,0.2733333333333333,0.4089835652019558,0.4395211315959653,0.32683057854953124,1,1,1.0,3.0
173,0.3880746651210931,0.2866666666666666,0.35902917121190614,0.3091206895525066,0.3299340793405553,1,1,1.0,3.0
174,0.3780028747740882,0.30333333333333334,0.3523125228297944,0.39027874481347047,0.33270335296669695,1,1,1.0,3.0
175,0.3880746651210931,0.30000000000000004,0.3788564052469906,0.42563931142462297,0.3352298660484373,1,1,1.0,3.0
176,0.3780028747740882,0.31000000000000005,0.32660065087917334,0.30418374280032634,0.33584109241415355,1,1,1.0,3.0
177,0.3880746651210931,0.30666666666666664,0.34615768381446643,0.3091206895525066,0.3381444260690449,1,1,1.0,3.0
178,0.3780028747740882,0.2766666666666666,0.32059362594671414,0.30418374280032634,0.32193017295464826,1,1,1.0,3.0
179,0.35702730412435846,0.32666666666666666,0.2831888019129649,0.2795172306053705,0.3371916876519998,1,1,1.0,3.0
180,0.3780028747740882,0.31333333333333335,0.33269794037105127,0.3903111775004269,0.33747662880454854,1,1,1.0,3.0
181,0.3880746651210931,0.24,0.3341553375282632,0.30929887167419734,0.31699882586296846,1,1,1.0,3.0
182,0.3780028747740882,0.28,0.3265878946264673,0.3903111775004269,0.3231212649005988,1,1,1.0,3.0
183,0.35702730412435846,0.29666666666666663,0.27280559596813636,0.2796105898084458,0.32121332589946133,1,1,1.0,3.0
184,0.3780028747740882,0.31666666666666665,0.3037847838214016,0.3043410976267288,0.3391566096393879,1,1,1.0,3.0
185,0.3880746651210931,0.29666666666666663,0.3464523336592641,0.42572570661970044,0.3338392527048001,1,1,1.0,3.0
186,0.3780028747740882,0.31999999999999995,0.3149722160346765,0.3903111775004269,0.3408810349186717,1,1,1.0,3.0
187,0.35702730412435846,0.2633333333333333,0.26311224932970356,0.2796105898084458,0.3076818128410852,1,1,1.0,3.0
188,0.3780028747740882,0.31333333333333335,0.29346693618653497,0.3043410976267288,0.33747662880454854,1,1,1.0,3.0
189,0.3880746651210931,0.26,0.31231213630743726,0.30929887167419734,0.32147583925812473,1,1,1.0,3.0
190,0.3780028747740882,0.25,0.3041088923981371,0.3903111775004269,0.3140014373870441,1,1,1.0,3.0
191,0.35702730412435846,0.22666666666666668,0.254065455448265,0.2796105898084458,0.2979304818102049,1,1,1.0,3.0
192,0.3780028747740882,0.25,0.2989405376728178,0.3903111775004269,0.3140014373870441,1,1,1.0,3.0
193,0.35702730412435846,0.2533333333333333,0.24976729256314745,0.2796105898084458,0.30448902559023905,1,1,1.0,3.0
194,0.3780028747740882,0.31000000000000005,0.27920829540067627,0.3043410976267288,0.33584109241415355,1,1,1.0,3.0
195,0.35702730412435846,0.2766666666666666,0.25372231754686037,0.3352782878702565,0.31256108473110233,1,1,1.0,3.0
196,0.3780028747740882,0.30000000000000004,0.2890955602389603,0.3903111775004269,0.33120114990963534,1,1,1.0,3.0
197,0.3880746651210931,0.28,0.31382117233204954,0.42572570661970044,0.32755285265328093,1,1,1.0,3.0
198,0.3780028747740882,0.28,0.2704397985273084,0.3043410976267288,0.3231212649005988,1,1,1.0,3.0
199,0.35702730412435846,0.30000000000000004,0.23769890162128027,0.2796105898084458,0.3228109216497434,1,1,1.0,3.0
200,0.3133434555807244,0.27,0.19823021248045303,0.26467659234955276,0.28993798956713324,1,1,1.0,4.0
201,0.32102606370635656,0.26,0.1967214947651278,0.2670531790211168,0.28929251057905114,1,1,1.0,4.0
202,0.3330770645755593,0.2733333333333333,0.1982181420508936,0.2719908319337072,0.3004171581631424,1,1,1.0,4.0
203,0.34857372500961914,0.2533333333333333,0.19983086999063737,0.2698346057563811,0.30031859322696763,1,1,1.0,4.0
204,0.34189844681000703,0.2833333333333333,0.2188466464225537,0.33503632191589006,0.30871154917322524,1,1,1.0,4.0
205,0.3046256749601778,0.2766666666666666,0.175625491166434,0.26300897232825504,0.2891550237044349,1,1,1.0,5.0
206,0.30394842602822936,0.2466666666666667,0.16581903547493027,0.27845111129203537,0.27568942474319175,1,1,1.0,5.0
207,0.30283126085637946,0.22666666666666668,0.15812844958199246,0.26276719124637005,0.26830331149037634,1,1,1.0,5.0
208,0.3013181400050554,0.30000000000000004,0.14963105003825983,0.2529075880493792,0.3005272560020222,1,1,1.0,5.0
209,0.30196169306196774,0.26,0.15509560698653424,0.25301280062073395,0.2801416126697445,1,1,1.0,5.0
210,0.2999778725702661,0.2533333333333333,0.14665535278895792,0.2621510922124287,0.2763446393568868,1,2,0.0,0.0
211,0.28800861538284694,0.22333333333333338,0.1431534363193776,0.24730166883543991,0.2591203227340642,1,2,0.0,0.0
212,0.27953367740226553,0.31000000000000005,0.14697547554088086,0.25175343925440496,0.29842279741286093,1,2,0.0,0.0
213,0.2884962261924594,0.22333333333333338,0.1501407365903087,0.2568270792349375,0.25939013404871647,1,2,0.0,0.0
214,0.3095753336142717,0.24,0.16226735140833481,0.27270653068232087,0.2761791734794213,1,2,0.0,0.0
215,0.35597030992493117,0.32999999999999996,0.18768445587430937,0.31016917077471706,0.33882990537447655,1,2,0.0,0.0
216,0.27352443760699974,0.29333333333333333,0.12217500681744686,0.24955455966905837,0.28514565643311546,1,2,0.0,1.0
217,0.24966974609557158,0.21333333333333337,0.1001982398708341,0.23160940255306361,0.23416620998368326,1,2,0.0,1.0
218,0.21031991579738962,0.25,0.08331125065443412,0.19368543933520932,0.2301599578986948,1,2,0.0,1.0
219,0.2359111943516521,0.22333333333333338,0.10187284058609292,0.18063210365462035,0.23029308309680308,1,2,0.0,1.0
220,0.17969119051570281,0.17666666666666664,0.07416562431955565,0.1450508657367382,0.1786225254223767,1,2,0.0,1.0
221,0.21324337027739737,0.18000000000000005,0.09693943714541109,0.18274138959368047,0.20127575697753436,1,2,0.0,1.0
222,0.2629062211568368,0.2533333333333333,0.1133779186827285,0.2410271590620362,0.25805595799292835,1,2,0.0,1.0
223,0.2867527152734932,0.2633333333333333,0.1310777113519208,0.2459128748850563,0.2744185074516757,1,2,0.0,1.0
224,0.2982030301786156,0.20333333333333337,0.14718288010451352,0.2661821593088062,0.2596226867948675,1,2,1.0,1.0
225,0.3235276672736479,0.2733333333333333,0.15952327897204432,0.28856059494072406,0.29608809805294256,1,2,1.0,1.0
226,0.3031319000002326,0.22666666666666668,0.16062676623958327,0.26667981159438037,0.2684676608890161,1,2,1.0,1.0
227,0.3370247082712514,0.32999999999999996,0.17683308524224006,0.29584223907919305,0.3323884008122254,1,2,1.0,1.0
228,0.39233054238644494,0.3433333333333334,0.1952972802358488,0.30571326978091196,0.358685792169975,1,2,1.0,1.0
229,0.3590288239503451,0.33999999999999997,0.1861969021004971,0.28773476505528284,0.34608922366411043,1,2,1.0,1.0
230,0.30862895935360724,0.29000000000000004,0.17149080181541698,0.27582148603626,0.2978241629285151,1,2,1.0,1.0
231,0.3590288239503451,0.29000000000000004,0.19076594129827396,0.2878186788254098,0.31899210605914496,1,2,1.0,1.0
232,0.30862895935360724,0.28,0.17571319217004722,0.2757909258873552,0.29259674211558717,1,2,1.0,1.0
233,0.3590288239503451,0.32666666666666666,0.19524743695002067,0.2878186788254098,0.33788554785834185,1,2,1.0,1.0
234,0.30862895935360724,0.29000000000000004,0.1742945115381207,0.27059202971681384,0.2978241629285151,1,2,1.0,1.0
235,0.3590288239503451,0.33333333333333337,0.2086768696569069,0.31289186952594217,0.34189849687233725,1,2,1.0,1.0
236,0.2694660925554594,0.19666666666666666,0.1351267052625803,0.2485981686872778,0.24083165170586757,1,2,1.0,2.0
237,0.2819380241765973,0.22666666666666668,0.15305337436721733,0.2551930338764967,0.25688167543876206,1,2,1.0,2.0
238,0.2905199676409864,0.25,0.16043679968460056,0.24099892193357475,0.2702599838204932,1,2,1.0,2.0
239,0.2811371976662794,0.2833333333333333,0.1512685981308799,0.2540026905945232,0.28238167454427665,1,2,1.0,2.0
240,0.25790447502401115,0.22666666666666668,0.1348362536402894,0.1971625483848507,0.24374333523534833,1,2,1.0,2.0
241,0.2838696684947548,0.21333333333333337,0.1534895777447508,0.26113436256752676,0.25377416549254833,1,2,1.0,2.0
242,0.25790447502401115,0.19999999999999996,0.13292037628923714,0.1995233872204435,0.23474268501440668,1,2,1.0,2.0
243,0.2838696684947548,0.25,0.15148538569389758,0.26113436256752676,0.2669348342473774,1,2,1.0,2.0
244,0.29633731427773735,0.26,0.1631349899884199,0.26543954618460586,0.27744191085331393,1,2,2.0,2.0
245,0.3241813010072844,0.2466666666666667,0.17928954924933493,0.2909818454345472,0.28594074806591296,1,2,2.0,2.0
246,0.30175651872239617,0.26,0.1781032939531917,0.26655655568321657,0.2800431289867502,1,2,2.0,2.0
247,0.3390210568156369,0.30000000000000004,0.20137564238447947,0.29720262120831564,0.3156084227262548,1,2,2.0,2.0
248,0.3078004374215082,0.25,0.18634039301695127,0.2731184020751849,0.2789002187107541,1,2,2.0,2.0
249,0.27934928004789417,0.24,0.1616445694181885,0.2348913067673274,0.26046162562490494,1,2,2.0,2.0
250,0.3078004374215082,0.2666666666666667,0.18164362652262023,0.2696268413532793,0.28586242635225945,1,2,2.0,2.0
251,0.27934928004789417,0.24,0.17061507011124943,0.26016074735935735,0.26046162562490494,1,2,2.0,2.0
252,0.3078004374215082,0.2566666666666667,0.193528969094946,0.2759996609898676,0.2815517684340229,1,2,2.0,2.0
253,0.27934928004789417,0.2566666666666667,0.1736824113639437,0.26016074735935735,0.26770553851219736,1,2,2.0,2.0
254,0.47114244973091723,0.48,0.3312032988298157,0.47267531325735246,0.4796456979892367,1,2,3.0,2.0
255,0.48350960822378597,0.48,0.3535105143171031,0.47944191357563903,0.48014038432895145,1,2,3.0,2.0
256,0.4657869459116656,0.47,0.3235650994210024,0.46767893475064826,0.46974721675469994,1,2,3.0,2.0
257,0.4827155092277967,0.45999999999999996,0.3298845952890683,0.3773896615718404,0.46181724073822367,1,2,3.0,2.0
258,0.4937773959125823,0.45333333333333337,0.35695128675686005,0.4167730788674813,0.4571081125073966,1,2,3.0,2.0
259,0.4854250253508343,0.42333333333333334,0.35245266962485733,0.4868482253745834,0.4328540594426835,1,2,3.0,2.0
260,0.4977879340096474,0.48,0.37432936278134643,0.48598590673914255,0.4807115173603859,1,2,4.0,2.0
261,0.5051428144965809,0.4733333333333334,0.3686968671321442,0.4434561652589486,0.47502983899537327,1,2,4.0,2.0
262,0.49921939572566776,0.4733333333333334,0.38040639018231115,0.48678291874962354,0.4747139233275912,1,2,4.0,2.0
263,0.5090626781097138,0.42666666666666664,0.37882709816870475,0.44757375039915126,0.43875141501164694,1,2,4.0,2.0
264,0.525124815490834,0.44333333333333336,0.4018879227950394,0.48887779195377923,0.4526030346445168,1,2,4.0,2.0
265,0.489442039812402,0.44666666666666666,0.3457717959291182,0.4845467406937093,0.4512293731355451,1,2,4.0,3.0
266,0.5032306000133369,0.44333333333333336,0.3495124453219298,0.3941669469331288,0.4501216902237338,1,2,4.0,3.0
267,0.5127185163758028,0.5033333333333334,0.38905835433912817,0.49590727738485507,0.5033959012202832,1,2,4.0,3.0
268,0.5176994317145297,0.49,0.4037756980737083,0.5044275672897454,0.49055398863429056,1,2,4.0,3.0
269,0.5191499847920181,0.4766666666666667,0.41087986630870343,0.49830738758251225,0.4786492215125164,1,2,5.0,3.0
270,0.5168149045034094,0.4966666666666667,0.4046259023162174,0.4365534585133162,0.49680098825224495,1,2,5.0,3.0
271,0.515161530336929,0.43000000000000005,0.4091728420314428,0.4185809007484953,0.44192261424717005,1,2,5.0,3.0
272,0.5142637945615305,0.5033333333333334,0.43331036369195086,0.5040347743341647,0.5034062030748547,1,2,5.0,3.0
273,0.5147986387337968,0.4733333333333334,0.4136293162659459,0.42292051050740376,0.47554481628802475,1,2,5.0,3.0
274,0.5477023576453419,0.51,0.48866210737406446,0.5165972547520942,0.5107540471529068,2,2,0.0,0.0
275,0.5683109741798259,0.4966666666666667,0.5244529437689385,0.5542646886065493,0.4971442953834211,2,2,0.0,0.0
276,0.5824917753059693,0.54,0.554262409398273,0.5910789624644601,0.5433993420244776,2,2,0.0,0.0
277,0.5669876886645477,0.4633333333333334,0.5233156614315746,0.5612238237143181,0.47093465272428914,2,2,0.0,0.0
278,0.5285979438735284,0.5,0.4679271790774827,0.4911400810453652,0.5,2,2,0.0,0.0
279,0.43924398723289704,0.3666666666666667,0.37405781132656424,0.38768216389587795,0.3860206188176615,2,2,0.0,0.0
280,0.5285979438735284,0.49,0.46606448250062305,0.49380514082616656,0.49077195887747055,2,2,0.0,0.0
281,0.5715028227437207,0.5266666666666666,0.5277853571404372,0.5837096888328903,0.5290579283241095,2,2,0.0,0.0
282,0.5285979438735284,0.47,0.4634196127604041,0.4938191678860774,0.4735158766324117,2,2,0.0,0.0
283,0.5715028227437207,0.4966666666666667,0.5250027986316574,0.5839663724486801,0.497165574373847,2,2,0.0,0.0
284,0.5921043573603625,0.5066666666666666,0.5688348219880568,0.535704392469036,0.5078058358759159,2,2,1.0,0.0
285,0.5705477763386231,0.5166666666666666,0.5440863644973084,0.5232670156827297,0.5184627036557319,2,2,1.0,0.0
286,0.6002758542072364,0.5433333333333333,0.5706343978616717,0.6331014776615905,0.5482683518090716,2,2,1.0,0.0
287,0.5714259613220265,0.45333333333333337,0.5474090166252876,0.5254255620740004,0.4643553119456114,2,2,1.0,0.0
288,0.6093893436680806,0.5266666666666666,0.5798995061774697,0.6335149721177847,0.5310785427734087,2,2,1.0,0.0
289,0.566488481531841,0.5666666666666667,0.5441732539038424,0.5286904408218123,0.5666429086486899,2,2,1.0,0.0
290,0.6093893436680806,0.54,0.5832427849150023,0.638991243343747,0.5455511474934465,2,2,1.0,0.0
291,0.6929464976486667,0.6166666666666667,0.6427405228815917,0.681946079923246,0.6344652938958,2,2,1.0,0.0
292,0.5444618340892983,0.4666666666666667,0.48947780693915866,0.5113242817007256,0.4718530111615088,2,2,1.0,1.0
293,0.4977466846832992,0.4033333333333333,0.41899202724658857,0.47414464280879387,0.42158658126099335,2,2,1.0,1.0
294,0.534748215624505,0.4766666666666667,0.4785788992026404,0.5144863370151167,0.4793771389513658,2,2,1.0,1.0
295,0.4708030203722581,0.45333333333333337,0.3942367666116453,0.4445830554498329,0.45496383745696634,2,2,1.0,1.0
296,0.5236679551302282,0.44999999999999996,0.4649039527957328,0.4893851827061698,0.4573667955130228,2,2,1.0,1.0
297,0.42641213869473127,0.43666666666666665,0.36111723929703354,0.38197092022518797,0.43536775979022146,2,2,1.0,1.0
298,0.22386659530516584,0.07999999999999996,0.20320577371030557,0.10508003311949332,0.2008479400563393,2,2,1.0,2.0
299,0.27439028642301466,0.1233333333333333,0.26120989987900434,0.142888685402492,0.23712957132755993,2,2,1.0,2.0
300,0.3536421544891637,0.19333333333333336,0.3701929344550364,0.22164493906362082,0.29165607697557594,2,2,1.0,2.0
301,0.455553962605004,0.31333333333333335,0.4672720344117769,0.3480306350241793,0.3664290349280904,2,2,1.0,2.0
302,0.1665352244864291,0.06999999999999995,0.17928890482763427,0.23681357428401384,0.153020293058329,2,2,1.0,3.0
303,0.17629972213435452,0.07999999999999996,0.1477027408062186,0.0809745392532939,0.16089176659285778,2,2,1.0,3.0
304,0.1830186786936283,0.07333333333333336,0.15532521202472294,0.0823860915064516,0.16693149470745172,2,2,1.0,3.0
305,0.1865459603967764,0.07666666666666666,0.20500048302335705,0.3404258113998436,0.16969780202482623,2,2,1.0,3.0
306,0.18440666026363162,0.07333333333333336,0.15725419853099987,0.08294783691327934,0.16811590564718787,2,2,1.0,3.0
307,0.1875731831021874,0.07666666666666666,0.2021083960263217,0.34848516615799885,0.1705675172487409,2,2,2.0,3.0
308,0.15895601012163918,0.08666666666666667,0.18388226643919092,0.29970398716713476,0.1464258572561106,2,2,2.0,3.0
309,0.1984211528493922,0.07333333333333336,0.17212095067569733,0.09341348570503272,0.18007493932037025,2,2,2.0,3.0
310,0.16012183375357925,0.07999999999999996,0.1893146795086369,0.29047552811635013,0.14730234035300654,2,2,2.0,3.0
311,0.21051965326067545,0.08999999999999997,0.18476239627333424,0.10662775556350246,0.18882611567375387,2,2,2.0,3.0
312,0.3214449213638726,0.19666666666666666,0.29758522207931637,0.20597090656408257,0.27236547451630494,2,2,2.0,3.0
313,0.12432593956654137,0.07999999999999996,0.10256275365301915,0.05537035190505657,0.11723378923589475,2,2,2.0,4.0
314,0.1322693545533744,0.026666666666666616,0.1104974519701184,0.057054438113005035,0.12663721119941668,2,2,2.0,4.0
315,0.1208861041892868,0.026666666666666616,0.10059098778540942,0.05660970423872547,0.11586106752141373,2,2,2.0,4.0
316,0.1317593054689863,0.043333333333333335,0.11127735035814612,0.059476998640224044,0.1240957212172297,2,2,2.0,4.0
317,0.11696230666979857,0.036666666666666625,0.14217601569669247,0.19461415465337462,0.11107395973623556,2,2,2.0,4.0
318,0.13349962528385828,0.06333333333333335,0.11304701708932174,0.05956678347821931,0.12461189497012512,2,2,2.0,4.0
319,0.14144031060602757,0.036666666666666625,0.12091971586820205,0.061573782715779624,0.13375691005047444,2,2,3.0,4.0
320,0.10935126660446182,0.06333333333333335,0.15426965762495493,0.257952797316214,0.10352232839011886,2,2,3.0,4.0
321,0.15360436953603862,0.046666666666666634,0.19101969014670694,0.3172774613181375,0.14362351726823058,2,2,3.0,4.0
322,0.23724912625168249,0.14,0.20594773244002662,0.1345017553105985,0.2100193709012114,2,2,3.0,4.0
323,0.3737395286559231,0.31000000000000005,0.36190797232207894,0.44966320816789274,0.33422102088925076,2,2,3.0,4.0
324,0.07051983281555463,0.023333333333333317,0.05656347180419019,0.0307557682614229,0.06831779617305098,2,2,3.0,5.0
325,0.07545389751544107,0.020000000000000018,0.06031475559171706,0.030222222265767873,0.07323574161482342,2,2,3.0,5.0
326,0.07884903032969548,0.020000000000000018,0.06348406339126811,0.03078352290645814,0.07649506911650765,2,2,3.0,5.0
327,0.08063138890722621,0.023333333333333317,0.06539515544618724,0.031059568972259255,0.07795747964711121,2,2,3.0,5.0
328,0.0795503865198014,0.040000000000000036,0.1314561678158772,0.21969234628258372,0.07638635559821728,2,2,3.0,5.0
329,0.08115045127709297,0.020000000000000018,0.0656666104296808,0.03109640288836335,0.07870443322600924,2,2,4.0,5.0
330,0.04443270087683593,0.01666666666666672,0.036276510819362784,0.015232747341561215,0.04350716640316362,2,2,4.0,5.0
331,0.09506912332055961,0.043333333333333335,0.0792355963624064,0.042550194626619464,0.090585354855,2,2,4.0,5.0
332,0.19077927595787003,0.12,0.16371880721392107,0.11145384172640382,0.1737922497279812,2,2,4.0,5.0
333,0.11059230999664615,0.07333333333333336,0.09464526569308418,0.057329990562539845,0.10512766008602693,2,2,4.0,5.0
334,0.2529168614141899,0.17333333333333334,0.2218578882606217,0.17127086929513602,0.2253279050128263,2,2,4.0,5.0
